CoursesController.java,edu.ucsb.cs156.organic.controllers.CoursesController,org.pitest.mutationtest.engine.gregor.mutators.returns.NullReturnValsMutator,addStaff,143,KILLED,edu.ucsb.cs156.organic.controllers.CoursesControllerTests.[engine:junit-jupiter]/[class:edu.ucsb.cs156.organic.controllers.CoursesControllerTests]/[method:an_admin_user_can_add_a_staff_member_to_a_course()]
CoursesController.java,edu.ucsb.cs156.organic.controllers.CoursesController,org.pitest.mutationtest.engine.gregor.mutators.NegateConditionalsMutator,allCourses,60,KILLED,edu.ucsb.cs156.organic.controllers.CoursesControllerTests.[engine:junit-jupiter]/[class:edu.ucsb.cs156.organic.controllers.CoursesControllerTests]/[method:user_can_get_only_courses_for_which_they_are_staff()]
CoursesController.java,edu.ucsb.cs156.organic.controllers.CoursesController,org.pitest.mutationtest.engine.gregor.mutators.returns.NullReturnValsMutator,allCourses,61,KILLED,edu.ucsb.cs156.organic.controllers.CoursesControllerTests.[engine:junit-jupiter]/[class:edu.ucsb.cs156.organic.controllers.CoursesControllerTests]/[method:admin_can_get_all_courses()]
CoursesController.java,edu.ucsb.cs156.organic.controllers.CoursesController,org.pitest.mutationtest.engine.gregor.mutators.returns.NullReturnValsMutator,allCourses,63,KILLED,edu.ucsb.cs156.organic.controllers.CoursesControllerTests.[engine:junit-jupiter]/[class:edu.ucsb.cs156.organic.controllers.CoursesControllerTests]/[method:user_can_get_only_courses_for_which_they_are_staff()]
CoursesController.java,edu.ucsb.cs156.organic.controllers.CoursesController,org.pitest.mutationtest.engine.gregor.mutators.NegateConditionalsMutator,deleteStaff,157,KILLED,edu.ucsb.cs156.organic.controllers.CoursesControllerTests.[engine:junit-jupiter]/[class:edu.ucsb.cs156.organic.controllers.CoursesControllerTests]/[method:admin_can_delete_staff()]
CoursesController.java,edu.ucsb.cs156.organic.controllers.CoursesController,org.pitest.mutationtest.engine.gregor.mutators.VoidMethodCallMutator,deleteStaff,164,KILLED,edu.ucsb.cs156.organic.controllers.CoursesControllerTests.[engine:junit-jupiter]/[class:edu.ucsb.cs156.organic.controllers.CoursesControllerTests]/[method:admin_can_delete_staff()]
CoursesController.java,edu.ucsb.cs156.organic.controllers.CoursesController,org.pitest.mutationtest.engine.gregor.mutators.returns.NullReturnValsMutator,deleteStaff,165,KILLED,edu.ucsb.cs156.organic.controllers.CoursesControllerTests.[engine:junit-jupiter]/[class:edu.ucsb.cs156.organic.controllers.CoursesControllerTests]/[method:admin_can_delete_staff()]
CoursesController.java,edu.ucsb.cs156.organic.controllers.CoursesController,org.pitest.mutationtest.engine.gregor.mutators.NegateConditionalsMutator,getById,77,KILLED,edu.ucsb.cs156.organic.controllers.CoursesControllerTests.[engine:junit-jupiter]/[class:edu.ucsb.cs156.organic.controllers.CoursesControllerTests]/[method:test_that_admin_can_get_by_id_when_the_id_exists()]
CoursesController.java,edu.ucsb.cs156.organic.controllers.CoursesController,org.pitest.mutationtest.engine.gregor.mutators.returns.NullReturnValsMutator,getById,82,KILLED,edu.ucsb.cs156.organic.controllers.CoursesControllerTests.[engine:junit-jupiter]/[class:edu.ucsb.cs156.organic.controllers.CoursesControllerTests]/[method:test_that_admin_can_get_by_id_when_the_id_exists()]
CoursesController.java,edu.ucsb.cs156.organic.controllers.CoursesController,org.pitest.mutationtest.engine.gregor.mutators.returns.NullReturnValsMutator,getStaff,180,KILLED,edu.ucsb.cs156.organic.controllers.CoursesControllerTests.[engine:junit-jupiter]/[class:edu.ucsb.cs156.organic.controllers.CoursesControllerTests]/[method:an_admin_user_can_get_staff_for_a_course()]
CoursesController.java,edu.ucsb.cs156.organic.controllers.CoursesController,org.pitest.mutationtest.engine.gregor.mutators.returns.NullReturnValsMutator,lambda$addStaff$2,129,KILLED,edu.ucsb.cs156.organic.controllers.CoursesControllerTests.[engine:junit-jupiter]/[class:edu.ucsb.cs156.organic.controllers.CoursesControllerTests]/[method:an_admin_user_cannot_add_staff_to_a_non_existing_course()]
CoursesController.java,edu.ucsb.cs156.organic.controllers.CoursesController,org.pitest.mutationtest.engine.gregor.mutators.returns.NullReturnValsMutator,lambda$addStaff$3,132,KILLED,edu.ucsb.cs156.organic.controllers.CoursesControllerTests.[engine:junit-jupiter]/[class:edu.ucsb.cs156.organic.controllers.CoursesControllerTests]/[method:an_admin_user_cannot_add_non_existing_user_to_staff_of_an_existing_course()]
CoursesController.java,edu.ucsb.cs156.organic.controllers.CoursesController,org.pitest.mutationtest.engine.gregor.mutators.returns.NullReturnValsMutator,lambda$deleteStaff$4,153,KILLED,edu.ucsb.cs156.organic.controllers.CoursesControllerTests.[engine:junit-jupiter]/[class:edu.ucsb.cs156.organic.controllers.CoursesControllerTests]/[method:admin_tries_to_delete_non_existant_staff_and_gets_right_error_message()]
CoursesController.java,edu.ucsb.cs156.organic.controllers.CoursesController,org.pitest.mutationtest.engine.gregor.mutators.returns.NullReturnValsMutator,lambda$deleteStaff$5,160,NO_COVERAGE,none
CoursesController.java,edu.ucsb.cs156.organic.controllers.CoursesController,org.pitest.mutationtest.engine.gregor.mutators.returns.NullReturnValsMutator,lambda$getById$0,75,KILLED,edu.ucsb.cs156.organic.controllers.CoursesControllerTests.[engine:junit-jupiter]/[class:edu.ucsb.cs156.organic.controllers.CoursesControllerTests]/[method:test_that_admin_can_get_by_id_when_the_id_does_not_exist()]
CoursesController.java,edu.ucsb.cs156.organic.controllers.CoursesController,org.pitest.mutationtest.engine.gregor.mutators.returns.NullReturnValsMutator,lambda$getById$1,79,KILLED,edu.ucsb.cs156.organic.controllers.CoursesControllerTests.[engine:junit-jupiter]/[class:edu.ucsb.cs156.organic.controllers.CoursesControllerTests]/[method:nonadmin_nonstaff_cant_get_an_existing_course()]
CoursesController.java,edu.ucsb.cs156.organic.controllers.CoursesController,org.pitest.mutationtest.engine.gregor.mutators.returns.NullReturnValsMutator,lambda$getStaff$6,177,KILLED,edu.ucsb.cs156.organic.controllers.CoursesControllerTests.[engine:junit-jupiter]/[class:edu.ucsb.cs156.organic.controllers.CoursesControllerTests]/[method:an_admin_user_cannot_get_staff_for_a_non_existing_course()]
CoursesController.java,edu.ucsb.cs156.organic.controllers.CoursesController,org.pitest.mutationtest.engine.gregor.mutators.returns.NullReturnValsMutator,lambda$updateCourse$7,192,KILLED,edu.ucsb.cs156.organic.controllers.CoursesControllerTests.[engine:junit-jupiter]/[class:edu.ucsb.cs156.organic.controllers.CoursesControllerTests]/[method:admin_cannot_edit_course_that_does_not_exist()]
CoursesController.java,edu.ucsb.cs156.organic.controllers.CoursesController,org.pitest.mutationtest.engine.gregor.mutators.returns.NullReturnValsMutator,lambda$updateCourse$8,194,KILLED,edu.ucsb.cs156.organic.controllers.CoursesControllerTests.[engine:junit-jupiter]/[class:edu.ucsb.cs156.organic.controllers.CoursesControllerTests]/[method:notstaff_admin_cannot_edit_an_existing_course()]
CoursesController.java,edu.ucsb.cs156.organic.controllers.CoursesController,org.pitest.mutationtest.engine.gregor.mutators.returns.NullReturnValsMutator,postCourse,117,KILLED,edu.ucsb.cs156.organic.controllers.CoursesControllerTests.[engine:junit-jupiter]/[class:edu.ucsb.cs156.organic.controllers.CoursesControllerTests]/[method:an_admin_user_can_post_a_new_course()]
CoursesController.java,edu.ucsb.cs156.organic.controllers.CoursesController,org.pitest.mutationtest.engine.gregor.mutators.VoidMethodCallMutator,updateCourse,197,KILLED,edu.ucsb.cs156.organic.controllers.CoursesControllerTests.[engine:junit-jupiter]/[class:edu.ucsb.cs156.organic.controllers.CoursesControllerTests]/[method:admin_can_edit_an_existing_course()]
CoursesController.java,edu.ucsb.cs156.organic.controllers.CoursesController,org.pitest.mutationtest.engine.gregor.mutators.VoidMethodCallMutator,updateCourse,198,KILLED,edu.ucsb.cs156.organic.controllers.CoursesControllerTests.[engine:junit-jupiter]/[class:edu.ucsb.cs156.organic.controllers.CoursesControllerTests]/[method:admin_can_edit_an_existing_course()]
CoursesController.java,edu.ucsb.cs156.organic.controllers.CoursesController,org.pitest.mutationtest.engine.gregor.mutators.VoidMethodCallMutator,updateCourse,199,KILLED,edu.ucsb.cs156.organic.controllers.CoursesControllerTests.[engine:junit-jupiter]/[class:edu.ucsb.cs156.organic.controllers.CoursesControllerTests]/[method:admin_can_edit_an_existing_course()]
CoursesController.java,edu.ucsb.cs156.organic.controllers.CoursesController,org.pitest.mutationtest.engine.gregor.mutators.VoidMethodCallMutator,updateCourse,200,KILLED,edu.ucsb.cs156.organic.controllers.CoursesControllerTests.[engine:junit-jupiter]/[class:edu.ucsb.cs156.organic.controllers.CoursesControllerTests]/[method:admin_can_edit_an_existing_course()]
CoursesController.java,edu.ucsb.cs156.organic.controllers.CoursesController,org.pitest.mutationtest.engine.gregor.mutators.VoidMethodCallMutator,updateCourse,201,KILLED,edu.ucsb.cs156.organic.controllers.CoursesControllerTests.[engine:junit-jupiter]/[class:edu.ucsb.cs156.organic.controllers.CoursesControllerTests]/[method:admin_can_edit_an_existing_course()]
CoursesController.java,edu.ucsb.cs156.organic.controllers.CoursesController,org.pitest.mutationtest.engine.gregor.mutators.VoidMethodCallMutator,updateCourse,202,KILLED,edu.ucsb.cs156.organic.controllers.CoursesControllerTests.[engine:junit-jupiter]/[class:edu.ucsb.cs156.organic.controllers.CoursesControllerTests]/[method:admin_can_edit_an_existing_course()]
CoursesController.java,edu.ucsb.cs156.organic.controllers.CoursesController,org.pitest.mutationtest.engine.gregor.mutators.returns.NullReturnValsMutator,updateCourse,205,KILLED,edu.ucsb.cs156.organic.controllers.CoursesControllerTests.[engine:junit-jupiter]/[class:edu.ucsb.cs156.organic.controllers.CoursesControllerTests]/[method:admin_can_edit_an_existing_course()]
StudentsController.java,edu.ucsb.cs156.organic.controllers.StudentsController,org.pitest.mutationtest.engine.gregor.mutators.returns.NullReturnValsMutator,fromEgradesCSVRow,108,KILLED,edu.ucsb.cs156.organic.controllers.StudentsControllerTests.[engine:junit-jupiter]/[class:edu.ucsb.cs156.organic.controllers.StudentsControllerTests]/[method:admin_can_upload_students_for_an_existing_course()]
StudentsController.java,edu.ucsb.cs156.organic.controllers.StudentsController,org.pitest.mutationtest.engine.gregor.mutators.returns.NullReturnValsMutator,getStaff,72,KILLED,edu.ucsb.cs156.organic.controllers.StudentsControllerTests.[engine:junit-jupiter]/[class:edu.ucsb.cs156.organic.controllers.StudentsControllerTests]/[method:admin_can_get_all_students_for_a_course()]
StudentsController.java,edu.ucsb.cs156.organic.controllers.StudentsController,org.pitest.mutationtest.engine.gregor.mutators.MathMutator,getStaff,97,KILLED,edu.ucsb.cs156.organic.controllers.StudentsControllerTests.[engine:junit-jupiter]/[class:edu.ucsb.cs156.organic.controllers.StudentsControllerTests]/[method:admin_can_upload_students_for_an_existing_course()]
StudentsController.java,edu.ucsb.cs156.organic.controllers.StudentsController,org.pitest.mutationtest.engine.gregor.mutators.VoidMethodCallMutator,getStaff,91,KILLED,edu.ucsb.cs156.organic.controllers.StudentsControllerTests.[engine:junit-jupiter]/[class:edu.ucsb.cs156.organic.controllers.StudentsControllerTests]/[method:admin_can_upload_students_for_an_existing_course()]
StudentsController.java,edu.ucsb.cs156.organic.controllers.StudentsController,org.pitest.mutationtest.engine.gregor.mutators.VoidMethodCallMutator,getStaff,95,KILLED,edu.ucsb.cs156.organic.controllers.StudentsControllerTests.[engine:junit-jupiter]/[class:edu.ucsb.cs156.organic.controllers.StudentsControllerTests]/[method:admin_can_upload_students_for_an_existing_course()]
StudentsController.java,edu.ucsb.cs156.organic.controllers.StudentsController,org.pitest.mutationtest.engine.gregor.mutators.returns.EmptyObjectReturnValsMutator,getStaff,100,KILLED,edu.ucsb.cs156.organic.controllers.StudentsControllerTests.[engine:junit-jupiter]/[class:edu.ucsb.cs156.organic.controllers.StudentsControllerTests]/[method:admin_can_upload_students_for_an_existing_course()]
StudentsController.java,edu.ucsb.cs156.organic.controllers.StudentsController,org.pitest.mutationtest.engine.gregor.mutators.returns.NullReturnValsMutator,lambda$getStaff$0,69,KILLED,edu.ucsb.cs156.organic.controllers.StudentsControllerTests.[engine:junit-jupiter]/[class:edu.ucsb.cs156.organic.controllers.StudentsControllerTests]/[method:admin_cannot_get_all_students_for_a_non_existing_course()]
StudentsController.java,edu.ucsb.cs156.organic.controllers.StudentsController,org.pitest.mutationtest.engine.gregor.mutators.returns.NullReturnValsMutator,lambda$getStaff$1,84,KILLED,edu.ucsb.cs156.organic.controllers.StudentsControllerTests.[engine:junit-jupiter]/[class:edu.ucsb.cs156.organic.controllers.StudentsControllerTests]/[method:admin_cannot_upload_students_for_a_non_existing_course()]
StudentsController.java,edu.ucsb.cs156.organic.controllers.StudentsController,org.pitest.mutationtest.engine.gregor.mutators.NegateConditionalsMutator,upsertStudent,119,KILLED,edu.ucsb.cs156.organic.controllers.StudentsControllerTests.[engine:junit-jupiter]/[class:edu.ucsb.cs156.organic.controllers.StudentsControllerTests]/[method:admin_can_upload_students_for_an_existing_course()]
StudentsController.java,edu.ucsb.cs156.organic.controllers.StudentsController,org.pitest.mutationtest.engine.gregor.mutators.VoidMethodCallMutator,upsertStudent,121,KILLED,edu.ucsb.cs156.organic.controllers.StudentsControllerTests.[engine:junit-jupiter]/[class:edu.ucsb.cs156.organic.controllers.StudentsControllerTests]/[method:admin_can_upload_students_for_an_existing_course()]
StudentsController.java,edu.ucsb.cs156.organic.controllers.StudentsController,org.pitest.mutationtest.engine.gregor.mutators.VoidMethodCallMutator,upsertStudent,122,KILLED,edu.ucsb.cs156.organic.controllers.StudentsControllerTests.[engine:junit-jupiter]/[class:edu.ucsb.cs156.organic.controllers.StudentsControllerTests]/[method:admin_can_upload_students_for_an_existing_course()]
StudentsController.java,edu.ucsb.cs156.organic.controllers.StudentsController,org.pitest.mutationtest.engine.gregor.mutators.VoidMethodCallMutator,upsertStudent,123,KILLED,edu.ucsb.cs156.organic.controllers.StudentsControllerTests.[engine:junit-jupiter]/[class:edu.ucsb.cs156.organic.controllers.StudentsControllerTests]/[method:admin_can_upload_students_for_an_existing_course()]
StudentsController.java,edu.ucsb.cs156.organic.controllers.StudentsController,org.pitest.mutationtest.engine.gregor.mutators.returns.NullReturnValsMutator,upsertStudent,125,KILLED,edu.ucsb.cs156.organic.controllers.StudentsControllerTests.[engine:junit-jupiter]/[class:edu.ucsb.cs156.organic.controllers.StudentsControllerTests]/[method:admin_can_upload_students_for_an_existing_course()]
StudentsController.java,edu.ucsb.cs156.organic.controllers.StudentsController,org.pitest.mutationtest.engine.gregor.mutators.returns.NullReturnValsMutator,upsertStudent,128,KILLED,edu.ucsb.cs156.organic.controllers.StudentsControllerTests.[engine:junit-jupiter]/[class:edu.ucsb.cs156.organic.controllers.StudentsControllerTests]/[method:admin_can_upload_students_for_an_existing_course()]
ApiController.java,edu.ucsb.cs156.organic.controllers.ApiController,org.pitest.mutationtest.engine.gregor.mutators.returns.NullReturnValsMutator,genericMessage,32,KILLED,edu.ucsb.cs156.organic.controllers.CoursesControllerTests.[engine:junit-jupiter]/[class:edu.ucsb.cs156.organic.controllers.CoursesControllerTests]/[method:admin_can_delete_staff()]
ApiController.java,edu.ucsb.cs156.organic.controllers.ApiController,org.pitest.mutationtest.engine.gregor.mutators.returns.NullReturnValsMutator,getCurrentUser,28,KILLED,edu.ucsb.cs156.organic.controllers.UserInfoControllerTests.[engine:junit-jupiter]/[class:edu.ucsb.cs156.organic.controllers.UserInfoControllerTests]/[method:currentUser__update_last_online()]
ApiController.java,edu.ucsb.cs156.organic.controllers.ApiController,org.pitest.mutationtest.engine.gregor.mutators.returns.NullReturnValsMutator,getMapper,77,KILLED,edu.ucsb.cs156.organic.controllers.UserInfoControllerTests.[engine:junit-jupiter]/[class:edu.ucsb.cs156.organic.controllers.UserInfoControllerTests]/[method:currentUser__logged_in()]
ApiController.java,edu.ucsb.cs156.organic.controllers.ApiController,org.pitest.mutationtest.engine.gregor.mutators.returns.NullReturnValsMutator,handleAccessDeniedException,64,KILLED,edu.ucsb.cs156.organic.controllers.CoursesControllerTests.[engine:junit-jupiter]/[class:edu.ucsb.cs156.organic.controllers.CoursesControllerTests]/[method:notstaff_admin_cannot_edit_an_existing_course()]
ApiController.java,edu.ucsb.cs156.organic.controllers.ApiController,org.pitest.mutationtest.engine.gregor.mutators.returns.NullReturnValsMutator,handleGenericException,49,KILLED,edu.ucsb.cs156.organic.controllers.StudentsControllerTests.[engine:junit-jupiter]/[class:edu.ucsb.cs156.organic.controllers.StudentsControllerTests]/[method:admin_cannot_get_all_students_for_a_non_existing_course()]
ApiController.java,edu.ucsb.cs156.organic.controllers.ApiController,org.pitest.mutationtest.engine.gregor.mutators.returns.NullReturnValsMutator,handleIllegalArgumentException,43,KILLED,edu.ucsb.cs156.organic.controllers.JobsControllerTests.[engine:junit-jupiter]/[class:edu.ucsb.cs156.organic.controllers.JobsControllerTests]/[method:admin_launch_test_job_with_invalid_parameter_60001()]
ApiController.java,edu.ucsb.cs156.organic.controllers.ApiController,org.pitest.mutationtest.engine.gregor.mutators.returns.NullReturnValsMutator,mapperThatIgnoresMockitoMocks,93,KILLED,edu.ucsb.cs156.organic.controllers.UserInfoControllerTests.[engine:junit-jupiter]/[class:edu.ucsb.cs156.organic.controllers.UserInfoControllerTests]/[method:currentUser__logged_in()]
JobsController.java,edu.ucsb.cs156.organic.controllers.JobsController,org.pitest.mutationtest.engine.gregor.mutators.returns.NullReturnValsMutator,allJobs,47,KILLED,edu.ucsb.cs156.organic.controllers.JobsControllerTests.[engine:junit-jupiter]/[class:edu.ucsb.cs156.organic.controllers.JobsControllerTests]/[method:admin_can_get_all_jobs()]
JobsController.java,edu.ucsb.cs156.organic.controllers.JobsController,org.pitest.mutationtest.engine.gregor.mutators.returns.NullReturnValsMutator,allJobsPaged,58,KILLED,edu.ucsb.cs156.organic.controllers.JobsControllerTests.[engine:junit-jupiter]/[class:edu.ucsb.cs156.organic.controllers.JobsControllerTests]/[method:admin_can_get_all_jobs_paged()]
JobsController.java,edu.ucsb.cs156.organic.controllers.JobsController,org.pitest.mutationtest.engine.gregor.mutators.ConditionalsBoundaryMutator,launchTestJob,74,KILLED,edu.ucsb.cs156.organic.controllers.JobsControllerTests.[engine:junit-jupiter]/[class:edu.ucsb.cs156.organic.controllers.JobsControllerTests]/[method:admin_launch_test_job_with_boundary_parameter_0()]
JobsController.java,edu.ucsb.cs156.organic.controllers.JobsController,org.pitest.mutationtest.engine.gregor.mutators.ConditionalsBoundaryMutator,launchTestJob,74,KILLED,edu.ucsb.cs156.organic.controllers.JobsControllerTests.[engine:junit-jupiter]/[class:edu.ucsb.cs156.organic.controllers.JobsControllerTests]/[method:admin_launch_test_job_with_boundary_parameter_60000()]
JobsController.java,edu.ucsb.cs156.organic.controllers.JobsController,org.pitest.mutationtest.engine.gregor.mutators.NegateConditionalsMutator,launchTestJob,74,KILLED,edu.ucsb.cs156.organic.controllers.JobsControllerTests.[engine:junit-jupiter]/[class:edu.ucsb.cs156.organic.controllers.JobsControllerTests]/[method:admin_launch_test_job_with_invalid_parameter_minus_1()]
JobsController.java,edu.ucsb.cs156.organic.controllers.JobsController,org.pitest.mutationtest.engine.gregor.mutators.NegateConditionalsMutator,launchTestJob,74,KILLED,edu.ucsb.cs156.organic.controllers.JobsControllerTests.[engine:junit-jupiter]/[class:edu.ucsb.cs156.organic.controllers.JobsControllerTests]/[method:admin_launch_test_job_with_invalid_parameter_60001()]
JobsController.java,edu.ucsb.cs156.organic.controllers.JobsController,org.pitest.mutationtest.engine.gregor.mutators.returns.NullReturnValsMutator,launchTestJob,78,KILLED,edu.ucsb.cs156.organic.controllers.JobsControllerTests.[engine:junit-jupiter]/[class:edu.ucsb.cs156.organic.controllers.JobsControllerTests]/[method:admin_can_launch_test_job()]
UserInfoController.java,edu.ucsb.cs156.organic.controllers.UserInfoController,org.pitest.mutationtest.engine.gregor.mutators.returns.NullReturnValsMutator,getCurrentUserAsJson,43,KILLED,edu.ucsb.cs156.organic.controllers.UserInfoControllerTests.[engine:junit-jupiter]/[class:edu.ucsb.cs156.organic.controllers.UserInfoControllerTests]/[method:currentUser__logged_in()]
UserInfoController.java,edu.ucsb.cs156.organic.controllers.UserInfoController,org.pitest.mutationtest.engine.gregor.mutators.returns.NullReturnValsMutator,getStaffedCourses,70,KILLED,edu.ucsb.cs156.organic.controllers.UserInfoControllerTests.[engine:junit-jupiter]/[class:edu.ucsb.cs156.organic.controllers.UserInfoControllerTests]/[method:currentUser__get_staffed_courses()]
UserInfoController.java,edu.ucsb.cs156.organic.controllers.UserInfoController,org.pitest.mutationtest.engine.gregor.mutators.returns.NullReturnValsMutator,getUsersEmails,62,KILLED,edu.ucsb.cs156.organic.controllers.UserInfoControllerTests.[engine:junit-jupiter]/[class:edu.ucsb.cs156.organic.controllers.UserInfoControllerTests]/[method:currentUser__get_emails()]
UserInfoController.java,edu.ucsb.cs156.organic.controllers.UserInfoController,org.pitest.mutationtest.engine.gregor.mutators.VoidMethodCallMutator,updateLastOnline,52,KILLED,edu.ucsb.cs156.organic.controllers.UserInfoControllerTests.[engine:junit-jupiter]/[class:edu.ucsb.cs156.organic.controllers.UserInfoControllerTests]/[method:currentUser__update_last_online()]
UserInfoController.java,edu.ucsb.cs156.organic.controllers.UserInfoController,org.pitest.mutationtest.engine.gregor.mutators.returns.NullReturnValsMutator,updateLastOnline,54,KILLED,edu.ucsb.cs156.organic.controllers.UserInfoControllerTests.[engine:junit-jupiter]/[class:edu.ucsb.cs156.organic.controllers.UserInfoControllerTests]/[method:currentUser__update_last_online()]
JobService.java,edu.ucsb.cs156.organic.services.jobs.JobService,org.pitest.mutationtest.engine.gregor.mutators.VoidMethodCallMutator,runAsJob,30,KILLED,edu.ucsb.cs156.organic.controllers.JobsControllerTests.[engine:junit-jupiter]/[class:edu.ucsb.cs156.organic.controllers.JobsControllerTests]/[method:admin_can_launch_test_job()]
JobService.java,edu.ucsb.cs156.organic.services.jobs.JobService,org.pitest.mutationtest.engine.gregor.mutators.returns.NullReturnValsMutator,runAsJob,31,KILLED,edu.ucsb.cs156.organic.controllers.JobsControllerTests.[engine:junit-jupiter]/[class:edu.ucsb.cs156.organic.controllers.JobsControllerTests]/[method:admin_can_launch_test_job()]
JobService.java,edu.ucsb.cs156.organic.services.jobs.JobService,org.pitest.mutationtest.engine.gregor.mutators.VoidMethodCallMutator,runJobAsync,39,KILLED,edu.ucsb.cs156.organic.controllers.JobsControllerTests.[engine:junit-jupiter]/[class:edu.ucsb.cs156.organic.controllers.JobsControllerTests]/[method:admin_can_launch_test_job()]
JobService.java,edu.ucsb.cs156.organic.services.jobs.JobService,org.pitest.mutationtest.engine.gregor.mutators.VoidMethodCallMutator,runJobAsync,42,KILLED,edu.ucsb.cs156.organic.controllers.JobsControllerTests.[engine:junit-jupiter]/[class:edu.ucsb.cs156.organic.controllers.JobsControllerTests]/[method:admin_can_launch_test_job_that_fails()]
JobService.java,edu.ucsb.cs156.organic.services.jobs.JobService,org.pitest.mutationtest.engine.gregor.mutators.VoidMethodCallMutator,runJobAsync,47,KILLED,edu.ucsb.cs156.organic.controllers.JobsControllerTests.[engine:junit-jupiter]/[class:edu.ucsb.cs156.organic.controllers.JobsControllerTests]/[method:admin_can_launch_test_job()]
TestJob.java,edu.ucsb.cs156.organic.jobs.TestJob,org.pitest.mutationtest.engine.gregor.mutators.NegateConditionalsMutator,accept,24,KILLED,edu.ucsb.cs156.organic.controllers.JobsControllerTests.[engine:junit-jupiter]/[class:edu.ucsb.cs156.organic.controllers.JobsControllerTests]/[method:admin_can_launch_test_job()]
TestJob.java,edu.ucsb.cs156.organic.jobs.TestJob,org.pitest.mutationtest.engine.gregor.mutators.VoidMethodCallMutator,accept,22,KILLED,edu.ucsb.cs156.organic.controllers.JobsControllerTests.[engine:junit-jupiter]/[class:edu.ucsb.cs156.organic.controllers.JobsControllerTests]/[method:admin_can_launch_test_job()]
TestJob.java,edu.ucsb.cs156.organic.jobs.TestJob,org.pitest.mutationtest.engine.gregor.mutators.VoidMethodCallMutator,accept,23,KILLED,edu.ucsb.cs156.organic.controllers.JobsControllerTests.[engine:junit-jupiter]/[class:edu.ucsb.cs156.organic.controllers.JobsControllerTests]/[method:admin_can_launch_test_job()]
TestJob.java,edu.ucsb.cs156.organic.jobs.TestJob,org.pitest.mutationtest.engine.gregor.mutators.VoidMethodCallMutator,accept,27,KILLED,edu.ucsb.cs156.organic.controllers.JobsControllerTests.[engine:junit-jupiter]/[class:edu.ucsb.cs156.organic.controllers.JobsControllerTests]/[method:admin_can_launch_test_job()]
ApiController.java,edu.ucsb.cs156.organic.controllers.ApiController$1,org.pitest.mutationtest.engine.gregor.mutators.NegateConditionalsMutator,hasIgnoreMarker,90,KILLED,edu.ucsb.cs156.organic.controllers.UserInfoControllerTests.[engine:junit-jupiter]/[class:edu.ucsb.cs156.organic.controllers.UserInfoControllerTests]/[method:currentUser__logged_in()]
ApiController.java,edu.ucsb.cs156.organic.controllers.ApiController$1,org.pitest.mutationtest.engine.gregor.mutators.NegateConditionalsMutator,hasIgnoreMarker,90,KILLED,edu.ucsb.cs156.organic.controllers.UserInfoControllerTests.[engine:junit-jupiter]/[class:edu.ucsb.cs156.organic.controllers.UserInfoControllerTests]/[method:currentUser__logged_in()]
ApiController.java,edu.ucsb.cs156.organic.controllers.ApiController$1,org.pitest.mutationtest.engine.gregor.mutators.returns.BooleanTrueReturnValsMutator,hasIgnoreMarker,90,KILLED,edu.ucsb.cs156.organic.controllers.UserInfoControllerTests.[engine:junit-jupiter]/[class:edu.ucsb.cs156.organic.controllers.UserInfoControllerTests]/[method:currentUser__logged_in()]
JobContext.java,edu.ucsb.cs156.organic.services.jobs.JobContext,org.pitest.mutationtest.engine.gregor.mutators.NegateConditionalsMutator,log,16,KILLED,edu.ucsb.cs156.organic.controllers.JobsControllerTests.[engine:junit-jupiter]/[class:edu.ucsb.cs156.organic.controllers.JobsControllerTests]/[method:admin_can_launch_test_job()]
JobContext.java,edu.ucsb.cs156.organic.services.jobs.JobContext,org.pitest.mutationtest.engine.gregor.mutators.VoidMethodCallMutator,log,17,KILLED,edu.ucsb.cs156.organic.controllers.JobsControllerTests.[engine:junit-jupiter]/[class:edu.ucsb.cs156.organic.controllers.JobsControllerTests]/[method:admin_can_launch_test_job()]
UsersController.java,edu.ucsb.cs156.organic.controllers.UsersController,org.pitest.mutationtest.engine.gregor.mutators.returns.NullReturnValsMutator,users,35,KILLED,edu.ucsb.cs156.organic.controllers.UsersControllerTests.[engine:junit-jupiter]/[class:edu.ucsb.cs156.organic.controllers.UsersControllerTests]/[method:users__admin_logged_in()]
SystemInfoServiceImpl.java,edu.ucsb.cs156.organic.services.SystemInfoServiceImpl,org.pitest.mutationtest.engine.gregor.mutators.returns.NullReturnValsMutator,getSystemInfo,35,KILLED,edu.ucsb.cs156.organic.services.SystemInfoServiceImplTests.[engine:junit-jupiter]/[class:edu.ucsb.cs156.organic.services.SystemInfoServiceImplTests]/[method:test_getSystemInfo()]
SystemInfoController.java,edu.ucsb.cs156.organic.controllers.SystemInfoController,org.pitest.mutationtest.engine.gregor.mutators.returns.NullReturnValsMutator,getSystemInfo,24,KILLED,edu.ucsb.cs156.organic.controllers.SystemInfoControllerTests.[engine:junit-jupiter]/[class:edu.ucsb.cs156.organic.controllers.SystemInfoControllerTests]/[method:systemInfo__admin_logged_in()]
CSRFController.java,edu.ucsb.cs156.organic.controllers.CSRFController,org.pitest.mutationtest.engine.gregor.mutators.returns.NullReturnValsMutator,csrf,18,KILLED,edu.ucsb.cs156.organic.controllers.CSRFControllerTests.[engine:junit-jupiter]/[class:edu.ucsb.cs156.organic.controllers.CSRFControllerTests]/[method:csrf_returns_ok()]
UserEmail.java,edu.ucsb.cs156.organic.entities.UserEmail,org.pitest.mutationtest.engine.gregor.mutators.returns.EmptyObjectReturnValsMutator,getGithubId,25,KILLED,edu.ucsb.cs156.organic.entities.UserEmailTests.[engine:junit-jupiter]/[class:edu.ucsb.cs156.organic.entities.UserEmailTests]/[method:test_getGithubId()]
User.java,edu.ucsb.cs156.organic.entities.User,org.pitest.mutationtest.engine.gregor.mutators.returns.EmptyObjectReturnValsMutator,toString,39,KILLED,edu.ucsb.cs156.organic.entities.UserTests.[engine:junit-jupiter]/[class:edu.ucsb.cs156.organic.entities.UserTests]/[method:test_toString()]
